"RANK","NAME","TEAM","POS","AGE","GP","MPG","USG%","TO%","FTA","FT%","2PA","2P%","3PA","3P%","eFG%","TS%","PPG","RPG","APG","SPG","BPG","TPG","P+R","P+A","P+R+A","VI","ORtg","DRtg"
"1","Devin Booker","Pho","G","26.5","10","42.3","29.5","11.6","63","0.873","170","0.629","58","0.517","0.667","0.702","35.9","5.2","7.1","1.8","0.8","3","41.1","43","48.2","10.4","132.4","109.9"
"2","Kawhi Leonard","Lac","F","31.9","2","40.2","30","11.9","17","0.882","34","0.529","10","0.6","0.614","0.67","34.5","6.5","6","2","0.5","3","41","40.5","47","11","129.4","110.8"
"3","Jimmy Butler","Mia","F","33.7","9","38.9","30.6","9.7","90","0.778","152","0.586","33","0.394","0.586","0.639","31.9","6.4","5.6","1.9","0.9","2.2","38.3","37.4","43.9","10.8","128.1","110.3"
"4","Anthony Edwards","Min","G","21.8","5","39.7","32.4","6.5","39","0.846","71","0.563","43","0.349","0.548","0.602","31.6","5","5.2","1.8","2","1.6","36.6","36.8","41.8","9.4","122.1","111"
"5","Nikola Jokic","Den","C","28.2","10","37.8","33.4","14.1","69","0.768","180","0.544","39","0.487","0.578","0.614","30.6","13.1","9.5","0.9","0.7","3.6","43.7","40.1","53.2","16.5","125.7","106"
"6","Stephen Curry","Gol","G","35.2","12","37.9","31.2","11.8","52","0.827","140","0.579","143","0.371","0.567","0.595","30.3","5.1","6.2","1","0.4","3.2","35.4","36.5","41.6","10.4","113.5","112"
"7","Kevin Durant","Pho","F","34.6","10","42.9","28.4","14.6","89","0.91","154","0.532","51","0.333","0.524","0.606","29.6","9.1","5.6","0.9","1.4","3.5","38.7","35.2","44.3","10.7","116.7","109.8"
"8","Trae Young","Atl","G","24.6","6","38.4","34.4","13.8","43","0.86","95","0.442","54","0.333","0.463","0.521","29.2","3.7","10.2","1.7","0.7","4","32.8","39.3","43","10.8","109","115.8"
"9","De'Aaron Fox","Sac","G","25.4","7","38.5","31","14.5","41","0.756","102","0.48","63","0.333","0.488","0.524","27.4","5.4","7.7","2.1","0.6","4","32.9","35.1","40.6","10.9","105.9","109.5"
"10","Jayson Tatum","Bos","F-G","25.2","11","39","29.6","10.3","67","0.866","131","0.542","96","0.333","0.524","0.577","26.9","10.5","5.1","0.9","1.3","2.4","37.5","32","42.5","11.6","116.3","107.3"
"11","Jalen Brunson","Nyk","G","26.7","10","39.8","28.2","8.8","59","0.915","138","0.536","70","0.3","0.507","0.566","26.5","5","5.9","1.5","0.1","2","31.5","32.4","37.4","9.3","120.5","111.6"
"12","Jamal Murray","Den","G","26.2","10","38.8","28.7","9.8","39","0.897","138","0.507","74","0.378","0.528","0.565","25.9","5.3","6.7","1","0.3","2.3","31.2","32.6","37.9","10","115.4","112.8"
"13","Jaylen Brown","Bos","G-F","26.5","11","37.4","27.6","14.6","44","0.659","138","0.587","61","0.475","0.626","0.637","25.3","5.2","3.5","1","0.4","3.1","30.5","28.7","33.9","8.3","112.5","107.5"
"14","Joel Embiid","Phi","C-F","29.2","7","36.8","31.3","18.8","70","0.9","94","0.5","22","0.227","0.47","0.586","24.6","10","3.1","0.7","2.9","3.9","34.6","27.7","37.7","9.9","110.7","106.4"
"15","Ja Morant","Mem","G","23.8","5","37.4","30.1","13.8","26","0.769","75","0.427","31","0.419","0.486","0.524","24.6","6.8","7","1.8","0.2","3.4","31.4","31.6","38.4","11.3","107.3","107.7"
"16","Khris Middleton","Mil","F","31.7","5","34.6","28.3","16.4","30","0.867","54","0.5","32","0.406","0.541","0.6","23.8","6.4","6.2","0.6","0","3.4","30.2","30","36.4","11.3","117.1","106.8"
"17","Russell Westbrook","Lac","G","34.5","5","38.5","29.7","16","25","0.88","77","0.429","28","0.357","0.457","0.509","23.6","7.4","7.4","1.2","1.4","4","31","31","38.4","11.3","103.9","109.6"
"18","Desmond Bane","Mem","G","24.9","6","38.6","26.4","12.7","29","0.931","66","0.5","50","0.32","0.491","0.548","23.5","6","3.2","0.5","0","2.8","29.5","26.7","32.7","7.9","106.6","108.2"
"19","Mikal Bridges","Bro","F","26.7","4","39.4","29.7","9.4","23","0.783","52","0.442","25","0.4","0.494","0.539","23.5","5.3","4","0.5","0.5","2","28.8","27.5","32.8","8","106.9","116.8"
"20","Giannis Antetokounmpo","Mil","F","28.4","3","30.5","37.1","20.8","31","0.452","50","0.56","3","0","0.528","0.525","23.3","11","5.3","0.3","0.7","4.7","34.3","28.7","39.7","14.5","99.3","102.5"
"21","Donovan Mitchell","Cle","G","26.7","5","41.3","29.8","15.4","18","0.722","59","0.542","45","0.289","0.495","0.518","23.2","5","7.2","2","0.6","3.8","28.2","30.4","35.4","9.1","101.9","106.5"
"22","Dejounte Murray","Atl","G","26.6","5","38.1","25.3","8.8","9","1","66","0.485","37","0.378","0.515","0.538","23","7.2","6.8","2","0.2","2","30.2","29.8","37","10.9","115.3","114.7"
"23","LeBron James","Lal","F","38.4","11","36.8","27","12.5","52","0.769","125","0.616","77","0.247","0.522","0.558","22.8","10.1","5","0.8","1.3","2.6","32.9","27.8","37.9","11.4","110.8","108.5"
"24","James Harden","Phi","G","33.7","9","38.1","27.3","13.8","48","0.854","85","0.412","71","0.423","0.513","0.567","22.3","6.1","8.3","1.7","0.2","2.8","28.4","30.7","36.8","10.9","116.5","108"
"25","Norman Powell","Lac","G","30","5","33.5","24.5","9.5","31","0.774","44","0.523","32","0.406","0.559","0.608","21.8","3","2.2","0.8","0.4","1.6","24.8","24","27","6.3","118.8","110.4"
"26","Anthony Davis","Lal","F-C","30.2","11","36.7","24.3","13.8","58","0.862","163","0.546","11","0.273","0.537","0.594","21.5","13.5","2.6","1.4","3.4","2.5","35.1","24.2","37.7","9.9","113.8","103"
"27","Darius Garland","Cle","G","23.3","5","37.7","27.2","18.3","25","0.84","49","0.469","31","0.387","0.513","0.566","20.6","1.8","5","1.6","0.2","3.6","22.4","25.6","27.4","6","104.3","106.2"
"28","Tyrese Maxey","Phi","G","22.5","9","37.9","23.9","4.2","20","0.9","90","0.433","70","0.414","0.516","0.542","20.3","5","2","1.3","0.6","0.8","25.3","22.3","27.3","6.2","111.3","109.7"
"29","RJ Barrett","Nyk","F-G","22.9","10","34.5","25.6","12.5","55","0.745","96","0.521","58","0.345","0.519","0.564","20.1","4.7","3","0.9","0.2","2.2","24.8","23.1","27.8","7.6","111.1","111.5"
"30","Klay Thompson","Gol","G","33.3","12","35.9","22.7","11.5","24","0.875","76","0.447","124","0.387","0.53","0.553","19.4","4.3","2","0.6","0.3","2.2","23.7","21.4","25.7","6.1","100.8","113.5"
"31","Brook Lopez","Mil","C","35.1","5","36.3","19.4","14","13","0.769","50","0.64","17","0.412","0.634","0.653","19","6.4","1.2","1.4","1.8","2.2","25.4","20.2","26.6","5.8","119.3","110"
"32","Malik Monk","Sac","G","25.3","7","29.3","24.6","12.2","49","0.898","54","0.463","39","0.333","0.478","0.58","19","5.4","3.6","0.7","0.4","1.9","24.4","22.6","28","9.8","118.1","111.2"
"33","Cameron Johnson","Bro","F","27.2","4","38","20.5","8.3","7","0.857","27","0.593","28","0.429","0.618","0.637","18.5","5.8","2.8","0.8","0.3","1.3","24.3","21.3","27","7.1","121.6","112.2"
"34","Karl-Anthony Towns","Min","C-F","27.5","5","36","25.8","20.4","28","0.75","46","0.565","24","0.25","0.5","0.553","18.2","10.2","2","0.6","0.8","3.6","28.4","20.2","30.4","8","96.9","102.9"
"35","Jaren Jackson Jr.","Mem","F-C","23.7","6","36.7","22.2","17.8","36","0.861","58","0.483","25","0.28","0.464","0.546","18","7.8","1.5","1","2","3","25.8","19.5","27.3","6.5","106.1","104.5"
"36","Jrue Holiday","Mil","G","32.9","5","38.1","22.7","12.3","13","0.692","43","0.512","42","0.286","0.471","0.491","17.8","6.6","8","1","0.4","2.4","24.4","25.8","32.4","10.3","108.1","108.6"
"37","Bam Adebayo","Mia","C-F","25.8","10","34.6","23.9","15.7","38","0.789","143","0.51","2","0","0.503","0.544","17.6","9.2","3.7","1","0.6","2.7","26.8","21.3","30.5","9.7","107.9","103.6"
"38","Andrew Wiggins","Gol","F","28.2","12","34.5","20.8","8.9","43","0.698","112","0.554","61","0.311","0.523","0.55","17.6","5.9","1.9","0.9","1.3","1.4","23.5","19.5","25.4","6.7","110.4","108.7"
"39","Julius Randle","Nyk","F-C","28.4","9","32.6","27.9","19.4","46","0.674","74","0.486","59","0.271","0.451","0.493","16.8","8","3.7","0.6","0.1","3.6","24.8","20.4","28.4","9.7","96.4","108.1"
"40","De'Andre Hunter","Atl","F-G","25.4","6","37.4","18.1","9.5","10","0.8","47","0.532","38","0.368","0.541","0.559","16.7","5.7","1.2","0.7","0.3","1.5","22.3","17.8","23.5","5.2","108.1","111.7"
"41","Spencer Dinwiddie","Bro","G","30.1","4","39.9","22.4","19","22","0.682","33","0.455","18","0.389","0.5","0.544","16.5","3.3","6.5","1.3","0.3","3","19.8","23","26.3","7.1","105.8","115.9"
"42","Domantas Sabonis","Sac","F-C","27","7","34.7","22.4","20.8","28","0.571","94","0.511","5","0.2","0.5","0.517","16.4","11","4.7","1.4","0.9","3.7","27.4","21.1","32.1","10.9","104.8","104.8"
"43","Tobias Harris","Phi","F","30.8","9","34.5","18.8","5.8","11","0.818","81","0.593","33","0.424","0.605","0.618","16.3","7.7","1.7","0.4","0.4","0.8","24","18","25.7","6.9","124.7","109"
"44","Marcus Smart","Bos","G","29.2","11","32.6","21.6","15.3","36","0.833","64","0.563","69","0.362","0.553","0.595","16.1","3.9","5","1.2","0.3","2.2","20","21.1","25","8.3","118.5","110.1"
"45","D'Angelo Russell","Lal","G","27.2","11","30.7","22.7","12.3","18","0.778","84","0.512","65","0.354","0.52","0.538","15.4","3.4","5.4","0.7","0.3","1.9","18.7","20.7","24.1","8.6","110","109.5"
"46","Rudy Gobert","Min","C","30.9","5","35.4","17.2","14.7","27","0.63","46","0.63","0","0","0.63","0.648","15","12.2","2","0.4","1","1.6","27.2","17","29.2","8.1","129.1","101.3"
"47","Caris LeVert","Cle","G","28.7","5","33.9","20.4","7.3","13","0.615","27","0.519","36","0.361","0.532","0.546","15","4.6","2.6","0.4","0.2","1","19.6","17.6","22.2","6.7","112.4","109.6"
"48","Malcolm Brogdon","Bos","G","30.4","11","27.4","22.9","7","26","0.846","75","0.467","57","0.421","0.538","0.572","14.9","4.1","3.9","0.1","0.2","0.9","19","18.8","22.9","9.1","122","111.5"
"49","Michael Porter Jr.","Den","F","24.9","10","33.9","16.3","1.7","13","0.692","51","0.549","66","0.424","0.598","0.607","14.9","7.8","1.5","0.9","0.6","0.2","22.7","16.4","24.2","6.6","125","107.9"
"50","Austin Reaves","Lal","G","25","11","34.7","18.5","10.9","37","0.838","73","0.466","58","0.362","0.5","0.55","14.7","4.7","4.2","0.7","0.3","1.5","19.5","18.9","23.6","7.6","115.4","110.9"
"51","Derrick White","Bos","G","28.9","11","31.8","16.7","9.1","21","0.952","54","0.611","56","0.411","0.614","0.65","14.1","3.5","2.5","0.3","0.8","1","17.6","16.5","20.1","6.3","127.1","111.7"
"52","Aaron Gordon","Den","F","27.7","10","35.2","16","8","35","0.8","77","0.506","26","0.385","0.524","0.574","13.6","6.1","2","0.7","0.6","0.9","19.7","15.6","21.7","6.2","125.2","108.3"
"53","Deandre Ayton","Pho","C","24.8","10","31.9","18.9","13.3","23","0.522","111","0.55","0","0","0.55","0.553","13.4","9.7","1","0.6","0.7","1.7","23.1","14.4","24.1","6.4","107.4","104.2"
"54","Bogdan Bogdanovic","Atl","G","30.7","6","26.1","15.8","5.2","7","0.714","21","0.714","33","0.455","0.694","0.701","13.3","3","2.5","1","0.8","0.5","16.3","15.8","18.8","7.1","140.5","109.5"
"55","Chris Paul","Pho","G","38","7","35.7","17.4","7.1","4","0.5","63","0.46","28","0.321","0.467","0.469","12.4","5","7.4","1.7","0.7","1","17.4","19.9","24.9","8.6","113","110.4"
"56","Bruce Brown","Den","G-F","26.7","10","25.5","18.5","12.9","31","0.871","58","0.655","23","0.261","0.58","0.639","12.1","3.7","2.2","1.3","0.3","1.2","15.8","14.3","18","7.2","123","105.8"
"57","Mike Conley","Min","G","35.6","5","36.6","13.6","14.2","11","0.909","20","0.5","22","0.455","0.595","0.64","12","2.6","6.4","0.6","0","1.4","14.6","18.4","21","6.4","131.8","114.9"
"58","Pat Connaughton","Mil","G","30.3","4","22.1","16.1","6.2","4","0.75","7","0.857","23","0.478","0.75","0.756","12","5","1.8","1","0.3","0.5","17","13.8","18.8","8.6","148.1","101.3"
"59","Tyler Herro","Mia","G","23.3","1","19.5","22.4","10","0","0","5","0.6","4","0.5","0.667","0.667","12","2","2","0","1","1","14","14","16","7.5","119.7","113.3"
"60","Gabe Vincent","Mia","G","26.9","10","29.2","21","13.3","12","0.833","48","0.396","69","0.348","0.47","0.491","12","1.3","4.8","0.9","0","1.8","13.3","16.8","18.1","5.8","101.8","107.1"
"61","Grayson Allen","Mil","G","27.6","5","29.9","13.6","8.8","7","0.857","12","0.417","29","0.483","0.634","0.658","11.6","2.4","1.8","0.4","0","0.8","14","13.4","15.8","4.9","127.5","113.2"
"62","Victor Oladipo","Mia","G","31","2","22.7","21.5","9.5","3","0.333","14","0.571","5","0.4","0.579","0.566","11.5","3.5","1","1","0.5","1","15","12.5","16","6","104.1","103.1"
"63","Rui Hachimura","Lal","F","25.3","11","21.6","17.6","9","18","0.833","52","0.596","29","0.552","0.679","0.703","11.4","3.6","0.6","0.5","0.1","0.7","15","12","15.6","5.4","128.6","110.4"
"64","John Collins","Atl","F-C","25.6","6","27.4","18","13","6","0.833","28","0.536","32","0.344","0.525","0.543","11.3","4.3","0.8","0.3","1","1.5","15.7","12.2","16.5","4.9","102.4","113.2"
"65","Caleb Martin","Mia","F","27.6","10","27.8","14.4","12.3","24","0.792","30","0.733","41","0.39","0.648","0.68","11.1","5.3","1.7","0.8","0.2","1","16.4","12.8","18.1","6.7","130.8","107.3"
"66","Harrison Barnes","Sac","F","30.9","7","28.1","15","4.7","26","0.731","35","0.543","25","0.24","0.467","0.525","10.7","3.4","0.7","1.1","0.3","0.4","14.1","11.4","14.9","4.2","114.7","117.4"
"67","Terance Mann","Lac","G-F","26.6","5","26.6","14.5","21.3","9","0.667","14","0.714","19","0.474","0.712","0.717","10.6","3.2","2.2","0.8","0.2","1.8","13.8","12.8","16","6.3","124.3","106.4"
"68","Jordan Poole","Gol","G","23.9","12","21.7","24.3","10","33","0.758","65","0.415","60","0.267","0.408","0.455","10.6","2.3","3.5","0.8","0.3","1.2","12.9","14.1","16.4","8.1","100.7","107.7"
"69","Max Strus","Mia","G-F","27.1","10","28.9","13.3","5.9","6","0.833","21","0.762","59","0.39","0.631","0.641","10.6","3.3","0.9","0.6","0.4","0.5","13.9","11.5","14.8","4.4","124.6","108.4"
"70","Dillon Brooks","Mem","G-F","27.3","6","27.9","21.8","8.3","7","0.714","35","0.4","42","0.238","0.377","0.393","10.5","3","1.8","0.2","0","1.2","13.5","12.3","15.3","5.5","84.8","105.7"
"71","Nic Claxton","Bro","F-C","24.1","4","29.2","13.7","10.6","10","0.6","25","0.72","0","0","0.72","0.714","10.5","8","1.5","0.3","1.8","0.8","18.5","12","20","6.9","137.8","109"
"72","Josh Hart","Nyk","G","28.2","10","32","15.6","18.4","22","0.636","56","0.554","28","0.321","0.53","0.55","10.3","7.4","2.3","0.8","0.2","1.9","17.7","12.6","20","7","107.3","104.8"
"73","Eric Gordon","Lac","G","34.4","5","29.8","14.3","8.3","6","0.833","15","0.533","29","0.345","0.523","0.547","10.2","1.4","2.6","0.6","0.4","0.8","11.6","12.8","14.2","4.5","113.5","113"
"74","Kyle Lowry","Mia","G","37.1","10","24.9","18.2","15.7","20","0.9","40","0.5","40","0.35","0.513","0.563","10","2.9","4.1","0.9","0.9","1.5","12.9","14.1","17","7.9","113.4","106.3"
"75","Evan Mobley","Cle","C","21.9","5","37.5","15.9","19.9","8","0.625","47","0.468","1","0","0.458","0.476","9.8","10","2","0.6","1.2","2.4","19.8","11.8","21.8","6.2","96.4","105.8"
"76","Keegan Murray","Sac","F","22.7","7","27.7","13.2","6.4","6","0.667","26","0.538","32","0.375","0.552","0.561","9.7","6.3","0.7","0.6","0.3","0.6","16","10.4","16.7","5.1","119.3","109.5"
"77","Bobby Portis","Mil","F","28.2","5","21.5","18.2","8.8","3","1","23","0.652","18","0.278","0.549","0.567","9.6","8.2","1.2","0.6","0.4","0.8","17.8","10.8","19","8.5","118.5","96.6"
"78","Kentavious Caldwell-Pope","Den","G","30.2","10","32.9","11.8","8.5","13","0.846","34","0.529","41","0.39","0.56","0.588","9.5","3.1","1.5","1.3","0.4","0.7","12.6","11","14.1","4.3","118.7","112.1"
"79","Draymond Green","Gol","F","33.2","11","31.2","14.7","23.1","33","0.727","66","0.515","17","0.235","0.482","0.533","9.5","6.7","7.2","1.5","1","2.3","16.2","16.6","23.4","9.9","116.6","102.5"
"80","Jarrett Allen","Cle","C","25.1","5","38.1","10.3","7.6","6","0.5","36","0.611","0","0","0.611","0.608","9.4","7.4","2.4","0.8","1","0.6","16.8","11.8","19.2","5.8","136","109.7"
"81","Ivica Zubac","Lac","C","26.1","5","26","15.6","26.6","16","0.75","30","0.567","0","0","0.567","0.621","9.2","9.6","0.6","0.6","0.2","2.2","18.8","9.8","19.4","5.8","112.3","109.1"
"82","Kevin Huerter","Sac","G-F","24.7","7","26.3","17.1","5.2","8","0.75","33","0.515","39","0.205","0.403","0.424","9.1","4.4","1.1","0.4","1.3","0.6","13.6","10.3","14.7","5.4","89.1","105.9"
"83","Immanuel Quickley","Nyk","G","23.9","8","21.9","21.1","11.9","20","0.85","29","0.483","37","0.243","0.417","0.481","9","1.6","1","0.5","0","1.1","10.6","10","11.6","4.4","97.6","112.9"
"84","De'Anthony Melton","Phi","G","25","9","24.7","16","9.5","8","0.75","26","0.385","40","0.45","0.561","0.575","8.9","2.9","1.8","1.3","0.7","0.8","11.8","10.7","13.6","5.8","117.6","108.1"
"85","Marcus Morris Sr.","Lac","F","33.7","3","22.8","19.5","3.3","4","1","17","0.471","12","0.167","0.379","0.423","8.7","4","0","0.3","0.3","0.3","12.7","8.7","12.7","0","88.4","109.2"
"86","Xavier Tillman","Mem","F","24.3","6","30.6","11.7","8.1","5","0.6","41","0.561","4","0.25","0.544","0.551","8.7","8","3.2","0.7","0.7","0.7","16.7","11.8","19.8","7.9","128.3","105.2"
"87","Bones Hyland","Lac","G","22.7","5","16.5","26.8","8.3","10","0.8","24","0.417","20","0.25","0.398","0.444","8.6","0.8","0.8","0.8","0.2","0.8","9.4","9.4","10.2","4.3","90.4","108.2"
"88","Kyle Anderson","Min","F-G","29.6","4","25.9","16.5","16.5","2","1","24","0.542","6","0.333","0.533","0.551","8.5","4","4.5","1.8","0.5","1.5","12.5","13","17","8.3","113.1","102.8"
"89","Nickeil Alexander-Walker","Min","G","24.7","5","29.6","12.6","10.2","3","0.667","10","0.5","25","0.4","0.571","0.578","8.4","2","1.4","0.6","0.2","0.8","10.4","9.8","11.8","3.9","109.4","114.6"
"90","Clint Capela","Atl","C","29","6","25.2","12.2","9.5","6","0.667","38","0.605","0","0","0.605","0.615","8.3","8.3","0.5","1","0.5","0.7","16.7","8.8","17.2","5.2","127.4","113.4"
"91","Seth Curry","Bro","G","32.7","3","19.4","18.1","4.9","3","0.667","10","0.7","9","0.333","0.605","0.615","8.3","1","2","0","0","0.3","9.3","10.3","11.3","5.3","124.8","119.5"
"92","Kevin Love","Mia","F-C","34.7","10","21.1","17.3","7.8","15","0.867","13","0.462","58","0.328","0.486","0.528","8.2","6.7","2","0.3","0.5","0.6","14.9","10.2","16.9","9.1","114","101.5"
"93","Mason Plumlee","Lac","F-C","33.2","5","18.2","11.6","15.5","14","0.929","16","0.875","0","0","0.875","0.925","8.2","6.8","1.8","0.4","0.4","0.6","15","10","16.8","10.2","183.7","99.2"
"94","Duncan Robinson","Mia","F","29.1","10","18.1","18.6","11.8","2","1","13","0.308","54","0.444","0.597","0.604","8.2","1.8","1.3","0.3","0","0.9","10","9.5","11.3","5.9","109","111.9"
"95","Dennis Schroder","Lal","G","29.7","11","24.2","15.1","18.2","26","0.846","43","0.512","24","0.292","0.485","0.555","7.9","1.6","2.7","1.1","0.2","1.4","9.5","10.6","12.3","5.4","107.2","108.3"
"96","Taurean Prince","Min","F","29.1","5","20","19.4","13","9","0.778","12","0.333","21","0.381","0.485","0.528","7.8","1.4","0.8","0.6","0.2","1","9.2","8.6","10","4.1","101.1","111.5"
"97","Saddiq Bey","Atl","F","24.1","6","22.1","14.3","4.7","9","0.889","22","0.364","18","0.389","0.463","0.512","7.5","4","1","0.5","0","0.3","11.5","8.5","12.5","5.6","115.7","118.4"
"98","Luke Kennard","Mem","G","26.9","5","21.3","10.1","4.1","4","1","7","0.571","16","0.5","0.696","0.727","7.2","4","1.4","0.8","0","0.2","11.2","8.6","12.6","6.4","153.9","107.1"
"99","Al Horford","Bos","C-F","36.9","11","31.2","10.8","9.7","2","1","16","0.688","58","0.31","0.514","0.521","7.1","7.1","3.4","1.3","2.2","0.7","14.2","10.5","17.5","7.1","121.8","106.5"
"100","Davion Mitchell","Sac","G","24.7","7","19.8","15.6","11.5","6","0.833","19","0.632","27","0.259","0.489","0.514","7.1","1.3","1.7","0.9","0.1","0.9","8.4","8.9","10.1","5.1","104.5","115.3"
"101","Gary Payton II","Gol","G","30.4","11","16.5","15","17.7","9","0.667","37","0.811","14","0.286","0.706","0.71","7.1","3.8","0.7","0.7","0.5","1","10.9","7.8","11.6","6.5","126.7","107.9"
"102","Obi Toppin","Nyk","F","25.2","10","16.3","20.2","10.9","3","1","27","0.63","38","0.289","0.515","0.528","7","3.6","0.6","0.8","0.3","0.8","10.6","7.6","11.2","6.1","106","107.1"
"103","Mitchell Robinson","Nyk","C-F","25.1","10","26.9","11.4","17.8","31","0.355","46","0.63","0","0","0.63","0.578","6.9","9.1","0.8","0.9","1.5","1","16","7.7","16.8","5.5","127.4","105.3"
"104","Joe Ingles","Mil","F-G","35.6","5","17.8","13.7","20.7","0","0","3","0.667","20","0.5","0.739","0.739","6.8","1.2","2","0.6","0.2","1.2","8","8.8","10","5.7","123.1","109"
"105","Torrey Craig","Pho","F","32.4","10","17","12.6","6.6","9","0.889","18","0.722","24","0.458","0.702","0.729","6.7","2.5","0.6","0.4","0.2","0.3","9.2","7.3","9.8","5.1","143","105.6"
"106","Trey Lyles","Sac","F","27.5","7","16.8","15.2","6.9","5","0.6","13","0.615","27","0.333","0.538","0.545","6.6","5.7","0.7","0.3","0","0.4","12.3","7.3","13","7.1","116.1","105.9"
"107","Santi Aldama","Mem","F-C","22.3","6","16.8","14.9","5.6","2","1","18","0.444","15","0.467","0.561","0.576","6.5","4.3","1.2","0.5","0","0.3","10.8","7.7","12","7.7","125.5","108.9"
"108","Robert Williams III","Bos","C-F","25.6","11","20.6","9.8","20.3","13","0.692","35","0.886","0","0","0.886","0.872","6.5","6.3","1.3","0.6","1.4","0.8","12.7","7.7","14","7.3","154.5","100.2"
"109","Isaac Okoro","Cle","F-G","22.3","5","14.9","18.7","14.6","6","1","10","0.7","13","0.308","0.565","0.624","6.4","1.4","0.8","0.4","0.4","0.8","7.8","7.2","8.6","5.2","117.4","101.9"
"110","Dorian Finney-Smith","Bro","F","30","4","25.1","13.7","17.9","0","0","6","0.333","17","0.412","0.543","0.543","6.3","4.5","0.8","0.8","0.5","1.3","10.8","7","11.5","4.5","101.4","111.5"
"111","Kevon Looney","Gol","F","27.3","12","24.9","10.5","17.3","17","0.529","57","0.579","0","0","0.579","0.582","6.3","12.7","3.4","0.7","0.4","1","18.9","9.7","22.3","10.4","140.1","100.9"
"112","Terence Davis","Sac","G","26","4","14.4","16.4","12.8","2","1","3","0.667","17","0.353","0.55","0.575","6","2.3","1.5","0.3","0","0.8","8.3","7.5","9.8","7.6","114","98.2"
"113","Wesley Matthews","Mil","G","36.6","2","20.7","9.2","0","0","0","2","0","7","0.571","0.667","0.667","6","1.5","0.5","1","0.5","0","7.5","6.5","8","3.2","140.8","108.9"
"114","Onyeka Okongwu","Atl","F-C","22.4","6","21.9","11.4","21.7","10","0.5","24","0.583","1","1","0.62","0.612","6","6.3","1.2","0.3","1.3","1.2","12.3","7.2","13.5","6.5","124.1","105.9"
"115","Cedi Osman","Cle","F","28.1","5","18.6","17.1","16.5","9","0.667","5","0.6","20","0.3","0.48","0.518","6","3","1","0.4","0.2","1","9","7","10","5.6","97.5","99.9"
"116","Lonnie Walker IV","Lal","G-F","24.4","8","13.3","16.5","7.6","4","1","18","0.722","18","0.333","0.611","0.636","6","1","1","0.6","0.1","0.4","7","7","8","5.5","122.3","111.5"
"117","Moses Moody","Gol","G","20.9","11","13.3","12.7","5","12","0.917","19","0.526","19","0.579","0.697","0.739","5.8","2.4","0.6","0.5","0.4","0.2","8.2","6.5","8.8","6.1","149.1","105.6"
"118","Jarred Vanderbilt","Lal","F","24.1","11","18.4","15.6","18.4","18","0.667","25","0.56","28","0.25","0.462","0.501","5.5","4","1","0.8","1.1","1.1","9.5","6.5","10.5","6.1","103.5","101.7"
"119","Quentin Grimes","Nyk","G","23","8","26.3","11.3","18.2","11","0.818","9","0.556","31","0.258","0.425","0.479","5.4","2.9","1.3","1.1","0.6","1.1","8.3","6.6","9.5","4.2","95.2","109.1"
"120","Paul Reed","Phi","F","23.9","9","15.7","13.8","12.4","5","1","35","0.629","0","0","0.629","0.659","5.4","5.9","0.7","0.6","0.4","0.6","11.3","6.1","12","7.2","143.3","104"
"121","Jock Landale","Pho","C","27.5","6","13.7","14","4.5","10","0.6","20","0.6","1","0","0.571","0.591","5","3.8","0.3","0.5","0.3","0.2","8.8","5.3","9.2","5.2","132.9","102"
"122","Royce O'Neale","Bro","F","29.9","4","29.5","14.1","12","2","1","7","0.429","22","0.182","0.31","0.335","5","4.3","3.5","1.3","0.3","1","9.3","8.5","12.8","5.7","88.2","108.5"
"123","Georges Niang","Phi","F","29.9","9","15.4","12.4","13.5","0","0","10","0.6","22","0.455","0.656","0.656","4.7","0.4","0.2","0","0.1","0.6","5.1","4.9","5.3","1.9","107.6","110.7"
"124","Donte DiVincenzo","Gol","G","26.3","12","17.5","14.1","22.3","10","0.8","16","0.438","36","0.306","0.452","0.488","4.6","2.9","3","0.8","0.3","1.3","7.5","7.6","10.5","7.8","106.3","109.7"
"125","Tyus Jones","Mem","G","27","6","20.1","15.8","18.1","3","0.667","17","0.471","19","0.158","0.347","0.362","4.5","3","3.7","1.3","0","1.3","7.5","8.2","11.2","7.3","87.8","109.6"
"126","Nicolas Batum","Lac","G-F","34.4","5","18.3","9.6","9.5","0","0","2","1","17","0.353","0.579","0.579","4.4","2.2","1.2","0.4","0.4","0.4","6.6","5.6","7.8","5","116.9","107.8"
"127","Terrence Ross","Pho","G-F","32.3","5","12.1","15.9","0","0","0","4","0.5","18","0.333","0.5","0.5","4.4","1.4","0.2","0.2","0.4","0","5.8","4.6","6","3.5","104.9","110.3"
"128","Jalen Johnson","Atl","F","21.4","6","9.3","22.2","17","2","1","13","0.462","11","0.364","0.5","0.523","4.3","2.5","1.3","0.5","0","0.8","6.8","5.7","8.2","10.4","101.8","106.4"
"129","Cameron Payne","Pho","G","28.8","6","18.5","14.6","13.5","0","0","14","0.5","18","0.222","0.406","0.406","4.3","1.3","3","0.5","0.2","0.8","5.7","7.3","8.7","5.5","93.9","108.1"
"130","Landry Shamet","Pho","G","26.2","9","16.4","11.2","5.5","4","0.75","14","0.429","20","0.4","0.529","0.545","4.3","1.2","0.8","0.2","0.1","0.2","5.6","5.1","6.3","3.9","115.1","112.4"
"131","Jeff Green","Den","F","36.7","10","19.5","11.3","10.6","7","0.714","21","0.524","21","0.238","0.44","0.466","4.2","1.9","1","0.4","0.6","0.5","6.1","5.2","7.1","4.1","99.2","104.6"
"132","Josh Okogie","Pho","G","24.7","10","17.5","11.4","7.4","13","0.846","23","0.522","14","0.143","0.405","0.48","4.1","2.1","1.3","0.6","0.2","0.3","6.2","5.4","7.5","5.1","118.1","109"
"133","Robin Lopez","Cle","C","35.1","2","3.1","37.6","22.5","2","1","3","1","0","0","1","1.031","4","0.5","0","0","0","0.5","4.5","4","4.5","0","",""
"134","Payton Pritchard","Bos","G","25.3","4","5.4","21.8","19.2","1","1","5","0.6","3","1","0.938","0.948","4","0.8","1","0.3","0","0.5","4.8","5","5.8","10.9","149.7","109.2"
"135","P.J. Tucker","Phi","F","38","9","28.2","7.7","12.1","3","0.667","9","0.333","27","0.333","0.458","0.469","3.9","5.2","1.7","1.1","0.2","0.6","9.1","5.6","10.8","4.6","118.2","106"
"136","Grant Williams","Bos","F","24.4","8","14.1","9.9","8.2","2","1","3","0.333","19","0.474","0.659","0.677","3.9","1.6","1.1","0.4","0.4","0.3","5.5","5","6.6","5.4","140.5","106.4"
"137","David Roddy","Mem","F","22.1","6","12.6","16.8","3.3","1","1","9","0.222","20","0.3","0.379","0.391","3.8","2.8","0.7","0","0.3","0.2","6.7","4.5","7.3","6.2","94.9","107.8"
"138","Bismack Biyombo","Pho","C","30.7","7","10.1","17.3","28.2","16","0.563","15","0.533","0","0","0.533","0.567","3.6","3.6","0.9","0","1.3","0.9","7.1","4.4","8","9","110.7","91.4"
"139","Jonathan Kuminga","Gol","F","20.6","9","6.4","22.2","14.7","9","0.556","16","0.563","7","0.429","0.587","0.593","3.6","1","0.4","0.2","0","0.4","4.6","4","5","7.1","111.2","110.3"
"140","Tristan Thompson","Lal","C-F","32.2","2","8.9","23.8","12.3","4","0.25","7","0.429","0","0","0.429","0.4","3.5","3.5","1","0","0","0.5","7","4.5","8","10.4","97.5","109"
"141","Malik Beasley","Lal","G","26.5","9","9.6","18.3","5.8","6","1","8","0.375","24","0.25","0.375","0.433","3.3","0.9","0.2","0.1","0","0.2","4.2","3.6","4.4","3.5","93.7","111.6"
"142","JaMychal Green","Gol","F-C","32.9","7","7","21.1","8","0","0","5","0.8","18","0.278","0.5","0.5","3.3","0.7","0.4","0","0.1","0.3","4","3.7","4.4","5.6","95.9","98.8"
"143","Isaiah Hartenstein","Nyk","C-F","25","10","20.2","7.2","19","16","0.75","21","0.476","0","0","0.476","0.571","3.2","5","1.4","0.8","1.1","0.5","8.2","4.6","9.6","5.6","137.2","102.2"
"144","Jaylen Nowell","Min","G","23.8","5","12.4","21.5","7.1","2","0.5","17","0.176","9","0.333","0.288","0.298","3.2","1","0.6","0","0","0.4","4.2","3.8","4.8","4","73.4","116.8"
"145","T.J. Warren","Pho","F","29.7","5","13","13.9","5.2","4","0.75","12","0.417","6","0.167","0.361","0.405","3.2","1","0.6","0.2","0.6","0.2","4.2","3.8","4.8","3.8","94.8","114.9"
"146","Day'Ron Sharpe","Bro","F","21.5","2","9.9","14.7","36.8","2","1","3","0.667","0","0","0.667","0.773","3","3","2.5","0","0.5","1","6","5.5","8.5","11.4","138.2","101.1"
"147","Cam Thomas","Bro","G","21.6","2","7.9","25.1","12.5","0","0","5","0.6","2","0","0.429","0.429","3","0.5","0.5","0","0","0.5","3.5","3.5","4","4.6","79.1","108.6"
"148","Yuta Watanabe","Bro","G-F","28.6","1","4.7","40.6","33.3","2","0","0","0","2","0.5","0.75","0.521","3","1","0","0","0","1","4","3","4","0","60.1","118"
"149","Cody Zeller","Mia","F-C","30.6","9","9.2","15.1","27.9","8","0.25","18","0.667","0","0","0.667","0.604","2.9","2.6","0.6","0.2","0","0.8","5.4","3.4","6","7.2","95.7","93.2"
"150","Christian Braun","Den","G","22.1","10","13.1","11","24","8","0.5","16","0.563","6","0.333","0.545","0.549","2.8","2.4","0.5","0.6","0.1","0.7","5.2","3.3","5.7","4.6","100.7","101.7"
"151","Haywood Highsmith","Mia","F","26.4","9","8.3","12","5.2","3","0.667","11","0.636","7","0.429","0.639","0.647","2.8","1.9","0.3","0.6","0.1","0.1","4.7","3.1","5","5.6","139.5","98.8"
"152","PJ Dozier","Sac","G-F","26.5","3","2","39","0","0","0","2","0.5","4","0.5","0.667","0.667","2.7","0.7","0","0","0","0","3.3","2.7","3.3","0","",""
"153","Alex Len","Sac","C","29.9","7","7.8","13.6","42.8","6","0.833","9","0.778","0","0","0.778","0.816","2.7","2.9","0.1","0","0.4","1","5.6","2.9","5.7","4.7","112.9","88.9"
"154","Jalen McDaniels","Phi","F-C","25.3","7","14.4","10.6","13","0","0","11","0.455","9","0.333","0.475","0.475","2.7","2.3","0.7","0.1","0","0.4","5","3.4","5.7","4.5","99","109.8"
"155","Danuel House Jr.","Phi","F-G","29.9","5","5.7","21.8","0","1","1","7","0.857","6","0","0.462","0.484","2.6","1.6","0.2","0","0","0","4.2","2.8","4.4","6.6","101.6","103.4"
"156","MarJon Beauchamp","Mil","F","22.6","2","2.6","24.3","0","0","0","2","0.5","1","1","0.833","0.833","2.5","0.5","0","0","0","0","3","2.5","3","0","",""
"157","Austin Rivers","Min","G","30.8","4","11.6","9","11.1","0","0","2","1","6","0.333","0.625","0.625","2.5","1.3","0.3","0.3","0","0.3","3.8","2.8","4","3.4","115.4","118.1"
"158","Lamar Stevens","Cle","F","25.8","2","4.4","15.4","0","2","1","1","0","1","1","0.75","0.868","2.5","1.5","0","0","0","0","4","2.5","4","0","180.1","110"
"159","Sam Hauser","Bos","F","25.4","9","8.9","9.6","0","0","0","1","1","16","0.375","0.588","0.588","2.2","1","0.3","0.1","0.1","0","3.2","2.6","3.6","3.9","126.3","107.9"
"160","David Duke Jr.","Bro","G","23.6","1","4.7","41.9","25","0","0","2","0.5","1","0","0.333","0.333","2","0","0","0","0","1","2","2","2","0","47.8","101.1"
"161","Luke Kornet","Bos","F-C","27.8","3","3.2","13.9","0","0","0","3","1","0","0","1","1","2","1.3","0","0","0","0","3.3","2","3.3","0","",""
"162","Shake Milton","Phi","G-F","26.6","4","4.1","16.5","18.4","2","1","4","0.75","0","0","0.75","0.82","2","0.8","0.5","0.5","0","0.3","2.8","2.5","3.3","9.1","142.5","89.6"
"163","Goran Dragic","Mil","G","37","2","3.7","21.7","0","4","1","1","0","1","0","0","0.532","2","0","0.5","0","0","0","2","2.5","2.5","0","",""
"164","Max Christie","Lal","G","20.2","7","4.3","15.5","0","4","0.5","6","0.667","3","0.333","0.611","0.604","1.9","0.9","0.4","0","0.1","0","2.7","2.3","3.1","8.2","130.8","115.5"
"165","Troy Brown Jr.","Lal","G-F","23.8","10","12","8.7","0","0","0","11","0.545","13","0.154","0.375","0.375","1.8","2","1.1","0.2","0.1","0","3.8","2.9","4.9","5.3","102.5","112.5"
"166","Jae Crowder","Mil","F","32.8","4","10.3","15.3","7","2","0.5","7","0.429","6","0","0.231","0.252","1.8","1","0.8","0.5","0","0.3","2.8","2.5","3.5","4.4","67.9","103"
"167","Joe Harris","Bro","G-F","31.7","4","10.9","19","18.2","2","1","1","1","12","0.083","0.192","0.252","1.8","1.3","0","0.5","0","0.8","3","1.8","3","0","44.1","105.8"
"168","Kenneth Lofton Jr.","Mem","F","20.7","4","3","31.2","0","2","0.5","6","0.5","2","0","0.375","0.394","1.8","0.8","0.3","0","0","0","2.5","2","2.8","10.1","",""
"169","DeAndre Jordan","Den","C","34.8","3","3.5","24.7","38.3","2","0.5","3","0.667","0","0","0.667","0.644","1.7","1.3","0.3","0","0","0.7","3","2","3.3","10","",""
"170","Zeke Nnaji","Den","F-C","22.3","3","3.2","23.3","20","0","0","1","1","3","0.333","0.625","0.625","1.7","0.3","0","0.3","0","0.3","2","1.7","2","0","",""
"171","Damion Lee","Pho","G-F","30.6","7","11","10.1","5.7","2","1","2","0","14","0.214","0.281","0.326","1.6","1.4","0.7","0.1","0","0.1","3","2.3","3.7","4.2","94","109.4"
"172","Jaden Springer","Phi","G","20.6","2","6.2","10.8","45","2","0.5","1","1","0","0","1","0.798","1.5","0","0","0","0","0.5","1.5","1.5","1.5","0","91.2","113.8"
"173","Shaquille Harrison","Lal","G","29.6","6","3.9","11.2","0","0","0","5","0.6","1","1","0.75","0.75","1.5","0.5","1.2","0.3","0","0","2","2.7","3.2","9.9","",""
"174","Jevon Carter","Mil","G","27.7","4","12.3","7.7","0","0","0","2","0.5","7","0.143","0.278","0.278","1.3","1","1","0.3","0","0","2.3","2.3","3.3","3.5","85","115.4"
"175","Ziaire Williams","Mem","F","21.7","4","3","31.4","22.2","0","0","4","0.25","3","0.333","0.357","0.357","1.3","0.5","0.5","0","0","0.5","1.8","1.8","2.3","9.2","",""
"176","Wenyen Gabriel","Lal","F","26.1","10","3.7","15.5","16.3","3","0.667","10","0.4","0","0","0.4","0.442","1","0.9","0","0.2","0.3","0.2","1.9","1","1.9","0","",""
"177","Nathan Knight","Min","F-C","25.6","2","2.4","49.2","20","0","0","2","0.5","2","0","0.25","0.25","1","0.5","0","0","0","0.5","1.5","1","1.5","0","",""
"178","Furkan Korkmaz","Phi","G-F","25.8","2","3.7","18","41","2","1","0","0","1","0","0","0.532","1","0","0","0","0","0.5","1","1","1","0","",""
"179","Mike Muscala","Bos","F-C","31.9","3","3.4","4.4","0","0","0","0","0","1","1","1.5","1.5","1","0.3","0.3","0","0","0","1.3","1.3","1.7","5.3","",""
"180","Dean Wade","Cle","F-C","26.5","2","5.6","8","0","2","1","0","0","1","0","0","0.532","1","1.5","0","0","0","0","2.5","1","2.5","0","124.7","112.2"
"181","Peyton Watson","Den","G","20.7","3","3.7","16.1","25","0","0","1","0","2","0.5","0.5","0.5","1","1","0.3","0","0.3","0.3","2","1.3","2.3","7.2","",""
"182","Danny Green","Cle","G","35.9","4","9.9","8.3","28.6","0","0","1","0","4","0.25","0.3","0.3","0.8","1.8","0.3","0.5","0.3","0.5","2.5","1","2.8","3.1","69.5","93.2"
"183","John Konchar","Mem","G","27.1","5","9.7","8.6","10","0","0","5","0.4","4","0","0.222","0.222","0.8","2","0.8","0.4","0.4","0.2","2.8","1.6","3.6","4.5","85.5","102.1"
"184","Chimezie Metu","Sac","F-C","26.1","3","2","21.6","43.6","3","0.667","1","0","0","0","0","0.431","0.7","0.3","0","0","0","0.3","1","0.7","1","0","",""
"185","Anthony Lamb","Gol","F","25.3","5","5.5","8.9","33.3","0","0","0","0","4","0.25","0.375","0.375","0.6","0.8","0","0.2","0.2","0.4","1.4","0.6","1.4","0","47.9","110.1"
"186","Ish Wainright","Pho","F","28.7","5","3.8","9.2","0","0","0","0","0","4","0.25","0.375","0.375","0.6","0.2","0","0","0.2","0","0.8","0.6","0.8","0","",""
"187","Raul Neto","Cle","G","31","2","3.5","26.4","62.1","2","0.5","0","0","1","0","0","0.266","0.5","0","0.5","0","0","1","0.5","1","1","0","",""
"188","Miles McBride","Nyk","G","22.7","7","2.5","10.1","0","0","0","1","0","3","0.333","0.375","0.375","0.4","0.3","0.1","0","0","0","0.7","0.6","0.9","3.7","",""
"189","Thanasis Antetokounmpo","Mil","F","30.8","2","2.6","0","","0","0","0","0","0","0","","","0","0","0","0","0","0","0","0","0","0","",""
"190","Patrick Baldwin Jr.","Gol","F","20.5","2","3.9","10.7","0","0","0","0","0","2","0","0","0","0","0.5","0","0","0","0","0.5","0","0.5","0","",""
"191","Mo Bamba","Lal","C","25","3","3.4","8.5","0","0","0","1","0","1","0","0","0","0","1","0.3","0","0.3","0","1","0.3","1.3","0","",""
"192","Brandon Boston Jr.","Lac","G","21.5","1","1","42","100","0","0","0","0","0","0","","","0","0","0","0","0","1","0","0","0","0","",""
"193","Vlatko Cancar","Den","F","26.1","3","2.5","29.9","0","0","0","1","0","4","0","0","0","0","1","0","0","0","0","1","0","1","0","",""
"194","Amir Coffey","Lac","G-F","25.9","1","1","0","","0","0","0","0","0","0","","","0","0","0","0","0","0","0","0","0","0","",""
"195","Robert Covington","Lac","F","32.4","2","6","10.5","0","0","0","1","0","2","0","0","0","0","1","1","0","0.5","0","1","1","2","0","42.7","101.1"
"196","Kessler Edwards","Sac","F","22.8","6","1.2","0","","0","0","0","0","0","0","","","0","0.2","0","0","0","0","0.2","0","0.2","0","",""
"197","Blake Griffin","Bos","F","34.2","1","5.9","7.6","0","0","0","1","0","0","0","0","0","0","2","0","0","0","0","2","0","2","0","74.9","79.2"
"198","Montrezl Harrell","Phi","F-C","29.3","2","3.5","19.8","0","0","0","3","0","0","0","0","0","0","0.5","0","0","0","0","0.5","0","0.5","0","",""
"199","Udonis Haslem","Mia","F","42.9","1","2.5","35","0","0","0","1","0","1","0","0","0","0","1","0","0","0","0","1","0","1","0","",""
"200","Aaron Holiday","Atl","G","26.6","1","3.9","10.6","100","0","0","0","0","0","0","","","0","0","1","0","0","1","0","1","1","0","",""
"201","Reggie Jackson","Den","G","33.1","3","3.7","4","100","0","0","0","0","0","0","","","0","0.3","0.3","0.3","0","0.3","0.3","0.3","0.7","0","",""
"202","Nikola Jovic","Mia","F","19.9","1","0.9","0","","0","0","0","0","0","0","","","0","0","0","0","0","0","0","0","0","0","",""
"203","Meyers Leonard","Mil","F-C","31.2","2","2.6","8.1","0","0","0","1","0","0","0","0","0","0","0.5","0","0","0","0","0.5","0","0.5","0","",""
"204","Jordan McLaughlin","Min","G","27.1","2","7.1","13.1","0","0","0","2","0","2","0","0","0","0","1","1","0","0","0","1","1","2","0","33","104.4"
"205","Patty Mills","Bro","G","34.7","1","5.3","18.6","0","0","0","0","0","2","0","0","0","0","0","0","0","0","0","0","0","0","0","0","103.8"
"206","Josh Minott","Min","F","20.5","1","6.3","14.7","50","0","0","0","0","1","0","0","0","0","0","0","2","1","1","0","0","0","0","0","88.3"
"207","Wendell Moore Jr.","Min","G","21.6","1","2.1","22","100","0","0","0","0","0","0","","","0","0","0","0","0","1","0","0","0","0","",""
"208","Jason Preston","Lac","G","23.8","1","1","0","","0","0","0","0","0","0","","","0","0","0","0","0","0","0","0","0","0","",""
"209","Derrick Rose","Nyk","G","34.6","1","2.5","70.7","0","0","0","3","0","1","0","0","0","0","0","1","0","0","0","0","1","1","0","",""
"210","Ricky Rubio","Cle","G","32.6","3","5.7","16.6","83.3","0","0","1","0","0","0","0","0","0","2","1","0.3","0","1.7","2","1","3","0","46.2","76.1"
"211","Ish Smith","Den","G","34.8","3","3.2","4.6","0","0","0","1","0","0","0","0","0","0","0.3","0.3","0","0","0","0.3","0.3","0.7","0","",""
"212","Edmond Sumner","Bro","G","27.4","1","4.5","0","","0","0","0","0","0","0","","","0","0","1","0","0","0","0","1","1","0","","125.1"
"213","Omer Yurtseven","Mia","C","24.9","2","2.2","10.2","100","0","0","0","0","0","0","","","0","0.5","0.5","0","0","0.5","0.5","0.5","1","0","",""
"214","Dewayne Dedmon","Phi","C","33.7","1","5","18.5","50","0","0","0","0","1","0","0","0","0","1","0","0","0","1","1","0","1","0","0","94.9"
"215","Justin Champagnie","Bos","G-F","21.9","1","5","18","0","0","0","0","0","2","0","0","0","0","0","0","0","0","0","0","0","0","0","0","99"
"216","DaQuan Jeffries","Nyk","G-F","25.7","2","2.3","0","","0","0","0","0","0","0","","","0","0","0","0","0","0","0","0","0","0","",""